{
	"pattrstorage" : 	{
		"name" : "spectdel-presets",
		"slots" : 		{
			"1" : 			{
				"id" : 1,
				"data" : 				{
					"eq" : [ 0.086363636363636, 0.218181818181818, 0.309090909090909, 0.381818181818182, 0.463636363636364, 0.540909090909091, 0.618181818181818, 0.690909090909091, 0.754545454545455, 0.8, 0.859090909090909, 0.909090909090909, 0.945454545454545, 0.963636363636364, 0.945454545454545, 0.9, 0.840909090909091, 0.790909090909091, 0.768181818181818, 0.740909090909091, 0.681818181818182, 0.654545454545455, 0.595454545454545, 0.554545454545455, 0.509090909090909, 0.486363636363636, 0.404545454545455, 0.363636363636364, 0.295454545454545, 0.218181818181818, 0.168181818181818, 0.0 ]
				}

			}
,
			"2" : 			{
				"id" : 2,
				"data" : 				{
					"eq" : [ 0.918181818181818, 0.845454545454545, 0.759090909090909, 0.722727272727273, 0.627272727272727, 0.536363636363636, 0.409090909090909, 0.295454545454545, 0.181818181818182, 0.059090909090909, 0.0, 0.0, 0.0, 0.0, 0.0, 0.0, 0.0, 0.0, 0.009090909090909, 0.081818181818182, 0.145454545454545, 0.245454545454545, 0.309090909090909, 0.377272727272727, 0.427272727272727, 0.486363636363636, 0.55, 0.590909090909091, 0.668181818181818, 0.740909090909091, 0.8, 1.0 ]
				}

			}
,
			"3" : 			{
				"id" : 3,
				"data" : 				{
					"eq" : [ 0.918181818181818, 0.845454545454545, 0.759090909090909, 0.722727272727273, 0.627272727272727, 0.536363636363636, 0.409090909090909, 0.409090909090909, 0.545454545454545, 0.709090909090909, 0.786363636363636, 0.859090909090909, 0.895454545454546, 0.922727272727273, 0.918181818181818, 0.890909090909091, 0.845454545454545, 0.795454545454545, 0.745454545454545, 0.709090909090909, 0.690909090909091, 0.6, 0.481818181818182, 0.440909090909091, 0.427272727272727, 0.486363636363636, 0.55, 0.590909090909091, 0.668181818181818, 0.740909090909091, 0.8, 1.0 ]
				}

			}
,
			"4" : 			{
				"id" : 4,
				"data" : 				{
					"eq" : [ 0.436363636363636, 0.436363636363636, 0.436363636363636, 0.436363636363636, 0.436363636363636, 0.436363636363636, 0.436363636363636, 0.436363636363636, 0.436363636363636, 0.436363636363636, 0.436363636363636, 0.436363636363636, 0.436363636363636, 0.436363636363636, 0.436363636363636, 0.436363636363636, 0.431818181818182, 0.427272727272727, 0.427272727272727, 0.422727272727273, 0.418181818181818, 0.413636363636364, 0.409090909090909, 0.404545454545455, 0.404545454545455, 0.404545454545455, 0.404545454545455, 0.404545454545455, 0.404545454545455, 0.404545454545455, 0.404545454545455, 0.413636363636364 ]
				}

			}
,
			"5" : 			{
				"id" : 5,
				"data" : 				{
					"eq" : [ 0.363636363636364, 0.395454545454545, 0.4, 0.386363636363636, 0.368181818181818, 0.368181818181818, 0.409090909090909, 0.45, 0.386363636363636, 0.295454545454545, 0.263636363636364, 0.286363636363636, 0.386363636363636, 0.45, 0.495454545454545, 0.481818181818182, 0.413636363636364, 0.354545454545455, 0.304545454545455, 0.268181818181818, 0.263636363636364, 0.268181818181818, 0.290909090909091, 0.586363636363636, 0.681818181818182, 0.709090909090909, 0.686363636363636, 0.668181818181818, 0.618181818181818, 0.572727272727273, 0.5, 0.431818181818182 ]
				}

			}
,
			"6" : 			{
				"id" : 6,
				"data" : 				{
					"eq" : [ 0.736363636363636, 0.75, 0.759090909090909, 0.768181818181818, 0.772727272727273, 0.772727272727273, 0.772727272727273, 0.772727272727273, 0.768181818181818, 0.745454545454545, 0.695454545454545, 0.613636363636364, 0.5, 0.395454545454545, 0.3, 0.25, 0.222727272727273, 0.195454545454545, 0.181818181818182, 0.168181818181818, 0.154545454545455, 0.172727272727273, 0.209090909090909, 0.245454545454545, 0.281818181818182, 0.322727272727273, 0.359090909090909, 0.395454545454545, 0.427272727272727, 0.472727272727273, 0.5, 0.559090909090909 ]
				}

			}
,
			"7" : 			{
				"id" : 7,
				"data" : 				{
					"eq" : [ 0.736363636363636, 0.75, 0.759090909090909, 0.768181818181818, 0.772727272727273, 0.772727272727273, 0.772727272727273, 0.772727272727273, 0.768181818181818, 0.745454545454545, 0.695454545454545, 0.613636363636364, 0.5, 0.395454545454545, 0.3, 0.25, 0.222727272727273, 0.195454545454545, 0.181818181818182, 0.154545454545455, 0.154545454545455, 0.140909090909091, 0.127272727272727, 0.118181818181818, 0.090909090909091, 0.077272727272727, 0.040909090909091, 0.036363636363636, 0.036363636363636, 0.036363636363636, 0.036363636363636, 0.018181818181818 ]
				}

			}
,
			"8" : 			{
				"id" : 8,
				"data" : 				{
					"eq" : [ 0.0, 0.668181818181818, 0.0, 0.668181818181818, 0.0, 0.668181818181818, 0.013636363636364, 0.045454545454545, 0.086363636363636, 0.127272727272727, 0.159090909090909, 0.190909090909091, 0.218181818181818, 0.236363636363636, 0.240909090909091, 0.240909090909091, 0.222727272727273, 0.195454545454545, 0.181818181818182, 0.154545454545455, 0.154545454545455, 0.140909090909091, 0.127272727272727, 0.118181818181818, 0.090909090909091, 0.077272727272727, 0.040909090909091, 0.036363636363636, 0.036363636363636, 0.036363636363636, 0.036363636363636, 0.018181818181818 ]
				}

			}
,
			"9" : 			{
				"id" : 9,
				"data" : 				{
					"eq" : [ 0.0, 0.0, 0.0, 0.0, 0.663636363636364, 0.0, 0.0, 0.0, 0.704545454545455, 0.0, 0.0, 0.0, 0.0, 0.736363636363636, 0.0, 0.0, 0.0, 0.0, 0.690909090909091, 0.0, 0.0, 0.672727272727273, 0.0, 0.0, 0.0, 0.0, 0.563636363636364, 0.0, 0.0, 0.0, 0.586363636363636, 0.0 ]
				}

			}
,
			"10" : 			{
				"id" : 10,
				"data" : 				{
					"eq" : [ 0.0, 0.377272727272727, 0.0, 0.0, 0.663636363636364, 0.0, 0.345454545454545, 0.0, 0.704545454545455, 0.0, 0.0, 0.368181818181818, 0.0, 0.736363636363636, 0.0, 0.0, 0.368181818181818, 0.0, 0.690909090909091, 0.0, 0.359090909090909, 0.672727272727273, 0.0, 0.0, 0.359090909090909, 0.0, 0.563636363636364, 0.0, 0.322727272727273, 0.0, 0.586363636363636, 0.0 ]
				}

			}

		}

	}

}
